{"cameraMode":{"drawMode":0,"name":"Shaded","section":"Shading Mode"},"sceneLighting":true,"audioPlay":false,"sceneViewState":{"showFog":true,"showMaterialUpdate":false,"showSkybox":true,"showFlares":true,"showImageEffects":true,"showParticleSystems":true,"showVisualEffectGraphs":true,"m_FxEnabled":true},"in2DMode":false,"pivot":{"x":32.26889419555664,"y":15.036124229431153,"z":26.247516632080079},"rotation":{"x":0.006662596948444843,"y":0.9730691909790039,"z":-0.22886721789836884,"w":0.028650734573602678},"size":1.749070167541504,"orthographic":false}