{"cameraMode":{"drawMode":0,"name":"Shaded","section":"Shading Mode"},"sceneLighting":true,"audioPlay":false,"sceneViewState":{"showFog":true,"showMaterialUpdate":false,"showSkybox":true,"showFlares":true,"showImageEffects":true,"showParticleSystems":true,"showVisualEffectGraphs":true,"m_FxEnabled":true},"in2DMode":false,"pivot":{"x":8.155344009399414,"y":-22.689260482788087,"z":-87.89530944824219},"rotation":{"x":-0.0011441009119153023,"y":-0.9987802505493164,"z":0.03478383645415306,"w":-0.03711511939764023},"size":60.15827560424805,"orthographic":false}