{"cameraMode":{"drawMode":0,"name":"Shaded","section":"Shading Mode"},"sceneLighting":true,"audioPlay":false,"sceneViewState":{"showFog":true,"showMaterialUpdate":false,"showSkybox":true,"showFlares":true,"showImageEffects":true,"showParticleSystems":true,"showVisualEffectGraphs":true,"m_FxEnabled":true},"in2DMode":false,"pivot":{"x":0.01622772216796875,"y":-15.35999870300293,"z":14.411499977111817},"rotation":{"x":0.009153176099061966,"y":-0.9397775530815125,"z":0.02540375106036663,"w":0.34111204743385317},"size":74.54916381835938,"orthographic":false}