{"cameraMode":{"drawMode":0,"name":"Shaded","section":"Shading Mode"},"sceneLighting":true,"audioPlay":false,"sceneViewState":{"showFog":true,"showMaterialUpdate":false,"showSkybox":true,"showFlares":true,"showImageEffects":true,"showParticleSystems":true,"showVisualEffectGraphs":true,"m_FxEnabled":true},"in2DMode":false,"pivot":{"x":-1.9725816249847413,"y":-14.815624237060547,"z":27.796127319335939},"rotation":{"x":-0.08948776125907898,"y":-0.3725530207157135,"z":-0.037591658532619479,"w":0.9230626821517944},"size":3.644270181655884,"orthographic":false}